Area,geo_code,Year,Value,Unit,Element,Item,Flag
"European Union (EU6-1958, EU9-1973, EU10-1981, EU12-1986, EU15-1995, EU25-2004, EU27-2007, EU28-2013, EU27-2020)",EU,2012,10015993,HA,Organic utilised agricultural area,Total organic UAA,
"European Union (EU6-1958, EU9-1973, EU10-1981, EU12-1986, EU15-1995, EU25-2004, EU27-2007, EU28-2013, EU27-2020)",EU,2013,10070639,HA,Organic utilised agricultural area,Total organic UAA,
"European Union (EU6-1958, EU9-1973, EU10-1981, EU12-1986, EU15-1995, EU25-2004, EU27-2007, EU28-2013, EU27-2020)",EU,2014,10315169,HA,Organic utilised agricultural area,Total organic UAA,
"European Union (EU6-1958, EU9-1973, EU10-1981, EU12-1986, EU15-1995, EU25-2004, EU27-2007, EU28-2013, EU27-2020)",EU,2015,11105856,HA,Organic utilised agricultural area,Total organic UAA,
"European Union (EU6-1958, EU9-1973, EU10-1981, EU12-1986, EU15-1995, EU25-2004, EU27-2007, EU28-2013, EU27-2020)",EU,2016,11937463,HA,Organic utilised agricultural area,Total organic UAA,
"European Union (EU6-1958, EU9-1973, EU10-1981, EU12-1986, EU15-1995, EU25-2004, EU27-2007, EU28-2013, EU27-2020)",EU,2017,12563794,HA,Organic utilised agricultural area,Total organic UAA,
"European Union (EU6-1958, EU9-1973, EU10-1981, EU12-1986, EU15-1995, EU25-2004, EU27-2007, EU28-2013, EU27-2020)",EU,2018,13399681,HA,Organic utilised agricultural area,Total organic UAA,
"European Union (EU6-1958, EU9-1973, EU10-1981, EU12-1986, EU15-1995, EU25-2004, EU27-2007, EU28-2013, EU27-2020)",EU,2019,14258660,HA,Organic utilised agricultural area,Total organic UAA,
"European Union (EU6-1958, EU9-1973, EU10-1981, EU12-1986, EU15-1995, EU25-2004, EU27-2007, EU28-2013, EU27-2020)",EU,2020,14724279,HA,Organic utilised agricultural area,Total organic UAA,
European Union - 27 countries (from 2020),EU27_2020,2012,9457886,HA,Organic utilised agricultural area,Total organic UAA,
European Union - 27 countries (from 2020),EU27_2020,2013,9511921,HA,Organic utilised agricultural area,Total organic UAA,
European Union - 27 countries (from 2020),EU27_2020,2014,9793694,HA,Organic utilised agricultural area,Total organic UAA,
European Union - 27 countries (from 2020),EU27_2020,2015,10609926,HA,Organic utilised agricultural area,Total organic UAA,
European Union - 27 countries (from 2020),EU27_2020,2016,11447259,HA,Organic utilised agricultural area,Total organic UAA,
European Union - 27 countries (from 2020),EU27_2020,2017,12066052,HA,Organic utilised agricultural area,Total organic UAA,
European Union - 27 countries (from 2020),EU27_2020,2018,12942303,HA,Organic utilised agricultural area,Total organic UAA,
European Union - 27 countries (from 2020),EU27_2020,2019,13799385,HA,Organic utilised agricultural area,Total organic UAA,
European Union - 27 countries (from 2020),EU27_2020,2020,14724279,HA,Organic utilised agricultural area,Total organic UAA,
European Union - 28 countries (2013-2020),EU28,2012,10047896,HA,Organic utilised agricultural area,Total organic UAA,
European Union - 28 countries (2013-2020),EU28,2013,10070639,HA,Organic utilised agricultural area,Total organic UAA,
European Union - 28 countries (2013-2020),EU28,2014,10315169,HA,Organic utilised agricultural area,Total organic UAA,
European Union - 28 countries (2013-2020),EU28,2015,11105856,HA,Organic utilised agricultural area,Total organic UAA,
European Union - 28 countries (2013-2020),EU28,2016,11937463,HA,Organic utilised agricultural area,Total organic UAA,
European Union - 28 countries (2013-2020),EU28,2017,12563794,HA,Organic utilised agricultural area,Total organic UAA,
European Union - 28 countries (2013-2020),EU28,2018,13399681,HA,Organic utilised agricultural area,Total organic UAA,
European Union - 28 countries (2013-2020),EU28,2019,14258660,HA,Organic utilised agricultural area,Total organic UAA,
Belgium,BE,2012,59718,HA,Organic utilised agricultural area,Total organic UAA,
Belgium,BE,2013,62471,HA,Organic utilised agricultural area,Total organic UAA,
Belgium,BE,2014,66704,HA,Organic utilised agricultural area,Total organic UAA,
Belgium,BE,2015,68818,HA,Organic utilised agricultural area,Total organic UAA,
Belgium,BE,2016,78452,HA,Organic utilised agricultural area,Total organic UAA,
Belgium,BE,2017,83508,HA,Organic utilised agricultural area,Total organic UAA,
Belgium,BE,2018,89025,HA,Organic utilised agricultural area,Total organic UAA,
Belgium,BE,2019,93119,HA,Organic utilised agricultural area,Total organic UAA,
Belgium,BE,2020,99072,HA,Organic utilised agricultural area,Total organic UAA,
Belgium,BE,2021,102413,HA,Organic utilised agricultural area,Total organic UAA,
Belgium,BE,2022,103437,HA,Organic utilised agricultural area,Total organic UAA,
Belgium,BE,2023,102294,HA,Organic utilised agricultural area,Total organic UAA,
Belgium,BE,2024,100653,HA,Organic utilised agricultural area,Total organic UAA,
Bulgaria,BG,2012,39138,HA,Organic utilised agricultural area,Total organic UAA,
Bulgaria,BG,2013,56287,HA,Organic utilised agricultural area,Total organic UAA,
Bulgaria,BG,2014,47914,HA,Organic utilised agricultural area,Total organic UAA,
Bulgaria,BG,2015,118552,HA,Organic utilised agricultural area,Total organic UAA,
Bulgaria,BG,2016,160620,HA,Organic utilised agricultural area,Total organic UAA,
Bulgaria,BG,2017,136618,HA,Organic utilised agricultural area,Total organic UAA,
Bulgaria,BG,2018,128839,HA,Organic utilised agricultural area,Total organic UAA,
Bulgaria,BG,2019,117779,HA,Organic utilised agricultural area,Total organic UAA,
Bulgaria,BG,2020,116253,HA,Organic utilised agricultural area,Total organic UAA,
Bulgaria,BG,2021,86310,HA,Organic utilised agricultural area,Total organic UAA,
Bulgaria,BG,2022,110441,HA,Organic utilised agricultural area,Total organic UAA,
Bulgaria,BG,2023,147798,HA,Organic utilised agricultural area,Total organic UAA,
Bulgaria,BG,2024,198051,HA,Organic utilised agricultural area,Total organic UAA,
Czechia,CZ,2012,468670,HA,Organic utilised agricultural area,Total organic UAA,
Czechia,CZ,2013,474231,HA,Organic utilised agricultural area,Total organic UAA,
Czechia,CZ,2014,472663,HA,Organic utilised agricultural area,Total organic UAA,
Czechia,CZ,2015,478033,HA,Organic utilised agricultural area,Total organic UAA,
Czechia,CZ,2016,488591,HA,Organic utilised agricultural area,Total organic UAA,
Czechia,CZ,2017,496277,HA,Organic utilised agricultural area,Total organic UAA,
Czechia,CZ,2018,519910,HA,Organic utilised agricultural area,Total organic UAA,
Czechia,CZ,2019,535185,HA,Organic utilised agricultural area,Total organic UAA,
Czechia,CZ,2020,540375,HA,Organic utilised agricultural area,Total organic UAA,
Czechia,CZ,2021,548792,HA,Organic utilised agricultural area,Total organic UAA,
Czechia,CZ,2022,563702,HA,Organic utilised agricultural area,Total organic UAA,
Czechia,CZ,2023,572597,HA,Organic utilised agricultural area,Total organic UAA,
Czechia,CZ,2024,564231,HA,Organic utilised agricultural area,Total organic UAA,
Denmark,DK,2012,194706,HA,Organic utilised agricultural area,Total organic UAA,
Denmark,DK,2013,169310,HA,Organic utilised agricultural area,Total organic UAA,
Denmark,DK,2014,165773,HA,Organic utilised agricultural area,Total organic UAA,
Denmark,DK,2015,166788,HA,Organic utilised agricultural area,Total organic UAA,
Denmark,DK,2016,204950,HA,Organic utilised agricultural area,Total organic UAA,
Denmark,DK,2017,226307,HA,Organic utilised agricultural area,Total organic UAA,
Denmark,DK,2018,256711,HA,Organic utilised agricultural area,Total organic UAA,
Denmark,DK,2019,291247,HA,Organic utilised agricultural area,Total organic UAA,
Denmark,DK,2020,299998,HA,Organic utilised agricultural area,Total organic UAA,
Denmark,DK,2021,303093,HA,Organic utilised agricultural area,Total organic UAA,
Denmark,DK,2022,300057,HA,Organic utilised agricultural area,Total organic UAA,
Denmark,DK,2023,298939,HA,Organic utilised agricultural area,Total organic UAA,
Germany,DE,2012,959832,HA,Organic utilised agricultural area,Total organic UAA,
Germany,DE,2013,1008926,HA,Organic utilised agricultural area,Total organic UAA,
Germany,DE,2014,1033807,HA,Organic utilised agricultural area,Total organic UAA,
Germany,DE,2015,1060291,HA,Organic utilised agricultural area,Total organic UAA,
Germany,DE,2016,1135941,HA,Organic utilised agricultural area,Total organic UAA,
Germany,DE,2017,1138272,HA,Organic utilised agricultural area,Total organic UAA,
Germany,DE,2018,1221303,HA,Organic utilised agricultural area,Total organic UAA,
Germany,DE,2019,1290839,HA,Organic utilised agricultural area,Total organic UAA,
Germany,DE,2020,1590962,HA,Organic utilised agricultural area,Total organic UAA,
Germany,DE,2021,1601316,HA,Organic utilised agricultural area,Total organic UAA,
Germany,DE,2022,1630984,HA,Organic utilised agricultural area,Total organic UAA,
Germany,DE,2023,1850251,HA,Organic utilised agricultural area,Total organic UAA,
Germany,DE,2024,1840463,HA,Organic utilised agricultural area,Total organic UAA,
Estonia,EE,2012,142065,HA,Organic utilised agricultural area,Total organic UAA,
Estonia,EE,2013,151164,HA,Organic utilised agricultural area,Total organic UAA,
Estonia,EE,2014,155560,HA,Organic utilised agricultural area,Total organic UAA,
Estonia,EE,2015,155806,HA,Organic utilised agricultural area,Total organic UAA,
Estonia,EE,2016,180852,HA,Organic utilised agricultural area,Total organic UAA,
Estonia,EE,2017,196441,HA,Organic utilised agricultural area,Total organic UAA,
Estonia,EE,2018,206590,HA,Organic utilised agricultural area,Total organic UAA,
Estonia,EE,2019,220737,HA,Organic utilised agricultural area,Total organic UAA,
Estonia,EE,2020,220796,HA,Organic utilised agricultural area,Total organic UAA,
Estonia,EE,2021,226605,HA,Organic utilised agricultural area,Total organic UAA,
Estonia,EE,2022,231011,HA,Organic utilised agricultural area,Total organic UAA,
Estonia,EE,2023,225256,HA,Organic utilised agricultural area,Total organic UAA,
Estonia,EE,2024,221802,HA,Organic utilised agricultural area,Total organic UAA,
Ireland,IE,2012,52793,HA,Organic utilised agricultural area,Total organic UAA,
Ireland,IE,2013,53812,HA,Organic utilised agricultural area,Total organic UAA,
Ireland,IE,2014,51871,HA,Organic utilised agricultural area,Total organic UAA,
Ireland,IE,2015,73037,HA,Organic utilised agricultural area,Total organic UAA,
Ireland,IE,2016,76701,HA,Organic utilised agricultural area,Total organic UAA,
Ireland,IE,2017,74336,HA,Organic utilised agricultural area,Total organic UAA,
Ireland,IE,2018,74307,HA,Organic utilised agricultural area,Total organic UAA,
Ireland,IE,2019,73952,HA,Organic utilised agricultural area,Total organic UAA,
Ireland,IE,2020,74666,HA,Organic utilised agricultural area,Total organic UAA,
Ireland,IE,2021,86868,HA,Organic utilised agricultural area,Total organic UAA,
Ireland,IE,2022,95701,HA,Organic utilised agricultural area,Total organic UAA,
Ireland,IE,2023,178653,HA,Organic utilised agricultural area,Total organic UAA,
Ireland,IE,2024,223400,HA,Organic utilised agricultural area,Total organic UAA,
Greece,EL,2012,462618,HA,Organic utilised agricultural area,Total organic UAA,
Greece,EL,2013,383606,HA,Organic utilised agricultural area,Total organic UAA,
Greece,EL,2014,362826,HA,Organic utilised agricultural area,Total organic UAA,
Greece,EL,2015,407069,HA,Organic utilised agricultural area,Total organic UAA,
Greece,EL,2016,342584,HA,Organic utilised agricultural area,Total organic UAA,
Greece,EL,2017,410140,HA,Organic utilised agricultural area,Total organic UAA,
Greece,EL,2018,492627,HA,Organic utilised agricultural area,Total organic UAA,
Greece,EL,2019,528752,HA,Organic utilised agricultural area,Total organic UAA,
Greece,EL,2020,534629,HA,Organic utilised agricultural area,Total organic UAA,
Greece,EL,2021,635960,HA,Organic utilised agricultural area,Total organic UAA,
Spain,ES,2012,1756548,HA,Organic utilised agricultural area,Total organic UAA,
Spain,ES,2013,1610129,HA,Organic utilised agricultural area,Total organic UAA,
Spain,ES,2014,1710475,HA,Organic utilised agricultural area,Total organic UAA,
Spain,ES,2015,1968570,HA,Organic utilised agricultural area,Total organic UAA,
Spain,ES,2016,2018802,HA,Organic utilised agricultural area,Total organic UAA,
Spain,ES,2017,2082173,HA,Organic utilised agricultural area,Total organic UAA,
Spain,ES,2018,2246475,HA,Organic utilised agricultural area,Total organic UAA,
Spain,ES,2019,2354916,HA,Organic utilised agricultural area,Total organic UAA,
Spain,ES,2020,2437891,HA,Organic utilised agricultural area,Total organic UAA,
Spain,ES,2021,2635442,HA,Organic utilised agricultural area,Total organic UAA,
Spain,ES,2022,2675331,HA,Organic utilised agricultural area,Total organic UAA,
Spain,ES,2023,2991881,HA,Organic utilised agricultural area,Total organic UAA,
Spain,ES,2024,2944904,HA,Organic utilised agricultural area,Total organic UAA,
France,FR,2012,1030881,HA,Organic utilised agricultural area,Total organic UAA,
France,FR,2013,1060755,HA,Organic utilised agricultural area,Total organic UAA,
France,FR,2014,1118845,HA,Organic utilised agricultural area,Total organic UAA,
France,FR,2015,1322911,HA,Organic utilised agricultural area,Total organic UAA,
France,FR,2016,1537351,HA,Organic utilised agricultural area,Total organic UAA,
France,FR,2017,1744420,HA,Organic utilised agricultural area,Total organic UAA,
France,FR,2018,2034115,HA,Organic utilised agricultural area,Total organic UAA,
France,FR,2019,2240797,HA,Organic utilised agricultural area,Total organic UAA,
France,FR,2020,2517478,HA,Organic utilised agricultural area,Total organic UAA,
France,FR,2021,2743339,HA,Organic utilised agricultural area,Total organic UAA,
France,FR,2022,2821462,HA,Organic utilised agricultural area,Total organic UAA,
France,FR,2023,2767447,HA,Organic utilised agricultural area,Total organic UAA,
France,FR,2024,2711567,HA,Organic utilised agricultural area,Total organic UAA,
Croatia,HR,2012,31904,HA,Organic utilised agricultural area,Total organic UAA,
Croatia,HR,2013,40660,HA,Organic utilised agricultural area,Total organic UAA,
Croatia,HR,2014,50054,HA,Organic utilised agricultural area,Total organic UAA,
Croatia,HR,2015,75883,HA,Organic utilised agricultural area,Total organic UAA,
Croatia,HR,2016,93593,HA,Organic utilised agricultural area,Total organic UAA,
Croatia,HR,2017,96618,HA,Organic utilised agricultural area,Total organic UAA,
Croatia,HR,2018,103166,HA,Organic utilised agricultural area,Total organic UAA,
Croatia,HR,2019,108127,HA,Organic utilised agricultural area,Total organic UAA,
Croatia,HR,2020,108610,HA,Organic utilised agricultural area,Total organic UAA,
Croatia,HR,2021,121924,HA,Organic utilised agricultural area,Total organic UAA,
Croatia,HR,2022,129374,HA,Organic utilised agricultural area,Total organic UAA,
Croatia,HR,2023,119873,HA,Organic utilised agricultural area,Total organic UAA,
Croatia,HR,2024,132207,HA,Organic utilised agricultural area,Total organic UAA,
Italy,IT,2012,1167362,HA,Organic utilised agricultural area,Total organic UAA,
Italy,IT,2013,1317177,HA,Organic utilised agricultural area,Total organic UAA,
Italy,IT,2014,1387913,HA,Organic utilised agricultural area,Total organic UAA,
Italy,IT,2015,1492571,HA,Organic utilised agricultural area,Total organic UAA,
Italy,IT,2016,1796333,HA,Organic utilised agricultural area,Total organic UAA,
Italy,IT,2017,1908570,HA,Organic utilised agricultural area,Total organic UAA,
Italy,IT,2018,1957937,HA,Organic utilised agricultural area,Total organic UAA,
Italy,IT,2019,1993225,HA,Organic utilised agricultural area,Total organic UAA,
Italy,IT,2020,2094592,HA,Organic utilised agricultural area,Total organic UAA,
Italy,IT,2021,2186159,HA,Organic utilised agricultural area,Total organic UAA,
Italy,IT,2022,2349475,HA,Organic utilised agricultural area,Total organic UAA,
Italy,IT,2023,2455586,HA,Organic utilised agricultural area,Total organic UAA,
Italy,IT,2024,2514551,HA,Organic utilised agricultural area,Total organic UAA,
Cyprus,CY,2012,3923,HA,Organic utilised agricultural area,Total organic UAA,
Cyprus,CY,2013,4315,HA,Organic utilised agricultural area,Total organic UAA,
Cyprus,CY,2014,3887,HA,Organic utilised agricultural area,Total organic UAA,
Cyprus,CY,2015,4699,HA,Organic utilised agricultural area,Total organic UAA,
Cyprus,CY,2016,5550,HA,Organic utilised agricultural area,Total organic UAA,
Cyprus,CY,2017,5616,HA,Organic utilised agricultural area,Total organic UAA,
Cyprus,CY,2018,6022,HA,Organic utilised agricultural area,Total organic UAA,
Cyprus,CY,2019,6240,HA,Organic utilised agricultural area,Total organic UAA,
Cyprus,CY,2020,5918,HA,Organic utilised agricultural area,Total organic UAA,
Cyprus,CY,2021,7827,HA,Organic utilised agricultural area,Total organic UAA,
Cyprus,CY,2022,7749,HA,Organic utilised agricultural area,Total organic UAA,
Cyprus,CY,2023,10470,HA,Organic utilised agricultural area,Total organic UAA,
Cyprus,CY,2024,10994,HA,Organic utilised agricultural area,Total organic UAA,
Latvia,LV,2012,195658,HA,Organic utilised agricultural area,Total organic UAA,
Latvia,LV,2013,185752,HA,Organic utilised agricultural area,Total organic UAA,
Latvia,LV,2014,203443,HA,Organic utilised agricultural area,Total organic UAA,
Latvia,LV,2015,231608,HA,Organic utilised agricultural area,Total organic UAA,
Latvia,LV,2016,259146,HA,Organic utilised agricultural area,Total organic UAA,
Latvia,LV,2017,268870,HA,Organic utilised agricultural area,Total organic UAA,
Latvia,LV,2018,280383,HA,Organic utilised agricultural area,Total organic UAA,
Latvia,LV,2019,289796,HA,Organic utilised agricultural area,Total organic UAA,
Latvia,LV,2020,291150,HA,Organic utilised agricultural area,Total organic UAA,
Latvia,LV,2021,302177,HA,Organic utilised agricultural area,Total organic UAA,
Latvia,LV,2022,312820,HA,Organic utilised agricultural area,Total organic UAA,
Latvia,LV,2023,297111,HA,Organic utilised agricultural area,Total organic UAA,
Latvia,LV,2024,307249,HA,Organic utilised agricultural area,Total organic UAA,
Lithuania,LT,2012,156539,HA,Organic utilised agricultural area,Total organic UAA,
Lithuania,LT,2013,165885,HA,Organic utilised agricultural area,Total organic UAA,
Lithuania,LT,2014,164390,HA,Organic utilised agricultural area,Total organic UAA,
Lithuania,LT,2015,213579,HA,Organic utilised agricultural area,Total organic UAA,
Lithuania,LT,2016,221665,HA,Organic utilised agricultural area,Total organic UAA,
Lithuania,LT,2017,234134,HA,Organic utilised agricultural area,Total organic UAA,
Lithuania,LT,2018,239691,HA,Organic utilised agricultural area,Total organic UAA,
Lithuania,LT,2019,242118,HA,Organic utilised agricultural area,Total organic UAA,
Lithuania,LT,2020,235471,HA,Organic utilised agricultural area,Total organic UAA,
Lithuania,LT,2021,261782,HA,Organic utilised agricultural area,Total organic UAA,
Lithuania,LT,2022,271329,HA,Organic utilised agricultural area,Total organic UAA,
Lithuania,LT,2023,256286,HA,Organic utilised agricultural area,Total organic UAA,
Lithuania,LT,2024,250656,HA,Organic utilised agricultural area,Total organic UAA,
Luxembourg,LU,2012,4130,HA,Organic utilised agricultural area,Total organic UAA,
Luxembourg,LU,2013,4447,HA,Organic utilised agricultural area,Total organic UAA,
Luxembourg,LU,2014,4490,HA,Organic utilised agricultural area,Total organic UAA,
Luxembourg,LU,2015,4216,HA,Organic utilised agricultural area,Total organic UAA,
Luxembourg,LU,2016,4528,HA,Organic utilised agricultural area,Total organic UAA,
Luxembourg,LU,2017,5444,HA,Organic utilised agricultural area,Total organic UAA,
Luxembourg,LU,2018,5782,HA,Organic utilised agricultural area,Total organic UAA,
Luxembourg,LU,2019,5814,HA,Organic utilised agricultural area,Total organic UAA,
Luxembourg,LU,2020,6118,HA,Organic utilised agricultural area,Total organic UAA,
Luxembourg,LU,2021,6893,HA,Organic utilised agricultural area,Total organic UAA,
Luxembourg,LU,2022,8255,HA,Organic utilised agricultural area,Total organic UAA,
Luxembourg,LU,2023,8737,HA,Organic utilised agricultural area,Total organic UAA,
Luxembourg,LU,2024,9556,HA,Organic utilised agricultural area,Total organic UAA,
Hungary,HU,2012,130607,HA,Organic utilised agricultural area,Total organic UAA,
Hungary,HU,2013,130990,HA,Organic utilised agricultural area,Total organic UAA,
Hungary,HU,2014,124841,HA,Organic utilised agricultural area,Total organic UAA,
Hungary,HU,2015,129735,HA,Organic utilised agricultural area,Total organic UAA,
Hungary,HU,2016,186322,HA,Organic utilised agricultural area,Total organic UAA,
Hungary,HU,2017,199683,HA,Organic utilised agricultural area,Total organic UAA,
Hungary,HU,2018,209382,HA,Organic utilised agricultural area,Total organic UAA,
Hungary,HU,2019,303190,HA,Organic utilised agricultural area,Total organic UAA,
Hungary,HU,2020,301430,HA,Organic utilised agricultural area,Total organic UAA,
Hungary,HU,2021,293597,HA,Organic utilised agricultural area,Total organic UAA,
Hungary,HU,2022,320517,HA,Organic utilised agricultural area,Total organic UAA,
Hungary,HU,2023,320249,HA,Organic utilised agricultural area,Total organic UAA,
Hungary,HU,2024,308022,HA,Organic utilised agricultural area,Total organic UAA,
Malta,MT,2012,37,HA,Organic utilised agricultural area,Total organic UAA,
Malta,MT,2013,7,HA,Organic utilised agricultural area,Total organic UAA,
Malta,MT,2014,34,HA,Organic utilised agricultural area,Total organic UAA,
Malta,MT,2015,30,HA,Organic utilised agricultural area,Total organic UAA,
Malta,MT,2016,24,HA,Organic utilised agricultural area,Total organic UAA,
Malta,MT,2017,41,HA,Organic utilised agricultural area,Total organic UAA,
Malta,MT,2018,47,HA,Organic utilised agricultural area,Total organic UAA,
Malta,MT,2019,55,HA,Organic utilised agricultural area,Total organic UAA,
Malta,MT,2020,67,HA,Organic utilised agricultural area,Total organic UAA,
Malta,MT,2021,66,HA,Organic utilised agricultural area,Total organic UAA,
Malta,MT,2022,66,HA,Organic utilised agricultural area,Total organic UAA,
Malta,MT,2023,80,HA,Organic utilised agricultural area,Total organic UAA,
Malta,MT,2024,80,HA,Organic utilised agricultural area,Total organic UAA,
Netherlands,NL,2012,48038,HA,Organic utilised agricultural area,Total organic UAA,
Netherlands,NL,2013,48936,HA,Organic utilised agricultural area,Total organic UAA,
Netherlands,NL,2014,49159,HA,Organic utilised agricultural area,Total organic UAA,
Netherlands,NL,2015,49273,HA,Organic utilised agricultural area,Total organic UAA,
Netherlands,NL,2016,54350,HA,Organic utilised agricultural area,Total organic UAA,
Netherlands,NL,2017,59209,HA,Organic utilised agricultural area,Total organic UAA,
Netherlands,NL,2018,63809,HA,Organic utilised agricultural area,Total organic UAA,
Netherlands,NL,2019,68068,HA,Organic utilised agricultural area,Total organic UAA,
Netherlands,NL,2020,71607,HA,Organic utilised agricultural area,Total organic UAA,
Netherlands,NL,2021,76375,HA,Organic utilised agricultural area,Total organic UAA,
Netherlands,NL,2022,80086,HA,Organic utilised agricultural area,Total organic UAA,
Netherlands,NL,2023,87924,HA,Organic utilised agricultural area,Total organic UAA,
Netherlands,NL,2024,90938,HA,Organic utilised agricultural area,Total organic UAA,
Austria,AT,2012,533230,HA,Organic utilised agricultural area,Total organic UAA,
Austria,AT,2013,526689,HA,Organic utilised agricultural area,Total organic UAA,
Austria,AT,2014,525521,HA,Organic utilised agricultural area,Total organic UAA,
Austria,AT,2015,552141,HA,Organic utilised agricultural area,Total organic UAA,
Austria,AT,2016,571423,HA,Organic utilised agricultural area,Total organic UAA,
Austria,AT,2017,620656,HA,Organic utilised agricultural area,Total organic UAA,
Austria,AT,2018,639097,HA,Organic utilised agricultural area,Total organic UAA,
Austria,AT,2019,671703,HA,Organic utilised agricultural area,Total organic UAA,
Austria,AT,2020,679992,HA,Organic utilised agricultural area,Total organic UAA,
Poland,PL,2012,655499,HA,Organic utilised agricultural area,Total organic UAA,
Poland,PL,2013,669863,HA,Organic utilised agricultural area,Total organic UAA,
Poland,PL,2014,657902,HA,Organic utilised agricultural area,Total organic UAA,
Poland,PL,2015,580731,HA,Organic utilised agricultural area,Total organic UAA,
Poland,PL,2016,536579,HA,Organic utilised agricultural area,Total organic UAA,
Poland,PL,2017,494978,HA,Organic utilised agricultural area,Total organic UAA,
Poland,PL,2018,484676,HA,Organic utilised agricultural area,Total organic UAA,
Poland,PL,2019,507637,HA,Organic utilised agricultural area,Total organic UAA,
Poland,PL,2020,509286,HA,Organic utilised agricultural area,Total organic UAA,
Poland,PL,2021,549443,HA,Organic utilised agricultural area,Total organic UAA,
Poland,PL,2022,554632,HA,Organic utilised agricultural area,Total organic UAA,
Poland,PL,2023,636021,HA,Organic utilised agricultural area,Total organic UAA,
Poland,PL,2024,691471,HA,Organic utilised agricultural area,Total organic UAA,
Portugal,PT,2012,200833,HA,Organic utilised agricultural area,Total organic UAA,
Portugal,PT,2013,197295,HA,Organic utilised agricultural area,Total organic UAA,
Portugal,PT,2014,212346,HA,Organic utilised agricultural area,Total organic UAA,
Portugal,PT,2015,241375,HA,Organic utilised agricultural area,Total organic UAA,
Portugal,PT,2016,245052,HA,Organic utilised agricultural area,Total organic UAA,
Portugal,PT,2017,253786,HA,Organic utilised agricultural area,Total organic UAA,
Portugal,PT,2018,213118,HA,Organic utilised agricultural area,Total organic UAA,
Portugal,PT,2019,293213,HA,Organic utilised agricultural area,Total organic UAA,
Portugal,PT,2020,319540,HA,Organic utilised agricultural area,Total organic UAA,
Portugal,PT,2021,768800,HA,Organic utilised agricultural area,Total organic UAA,
Portugal,PT,2022,759977,HA,Organic utilised agricultural area,Total organic UAA,
Portugal,PT,2023,860878,HA,Organic utilised agricultural area,Total organic UAA,
Portugal,PT,2024,803958,HA,Organic utilised agricultural area,Total organic UAA,
Romania,RO,2012,288261,HA,Organic utilised agricultural area,Total organic UAA,
Romania,RO,2013,286896,HA,Organic utilised agricultural area,Total organic UAA,
Romania,RO,2014,289252,HA,Organic utilised agricultural area,Total organic UAA,
Romania,RO,2015,245924,HA,Organic utilised agricultural area,Total organic UAA,
Romania,RO,2016,226309,HA,Organic utilised agricultural area,Total organic UAA,
Romania,RO,2017,258471,HA,Organic utilised agricultural area,Total organic UAA,
Romania,RO,2018,326260,HA,Organic utilised agricultural area,Total organic UAA,
Romania,RO,2019,395228,HA,Organic utilised agricultural area,Total organic UAA,
Romania,RO,2020,468887,HA,Organic utilised agricultural area,Total organic UAA,
Romania,RO,2021,578727,HA,Organic utilised agricultural area,Total organic UAA,
Romania,RO,2022,644520,HA,Organic utilised agricultural area,Total organic UAA,
Romania,RO,2023,693998,HA,Organic utilised agricultural area,Total organic UAA,
Romania,RO,2024,781397,HA,Organic utilised agricultural area,Total organic UAA,
Slovenia,SI,2012,35101,HA,Organic utilised agricultural area,Total organic UAA,
Slovenia,SI,2013,38664,HA,Organic utilised agricultural area,Total organic UAA,
Slovenia,SI,2014,41237,HA,Organic utilised agricultural area,Total organic UAA,
Slovenia,SI,2015,42188,HA,Organic utilised agricultural area,Total organic UAA,
Slovenia,SI,2016,43579,HA,Organic utilised agricultural area,Total organic UAA,
Slovenia,SI,2017,46222,HA,Organic utilised agricultural area,Total organic UAA,
Slovenia,SI,2018,47848,HA,Organic utilised agricultural area,Total organic UAA,
Slovenia,SI,2019,49638,HA,Organic utilised agricultural area,Total organic UAA,
Slovenia,SI,2020,49803,HA,Organic utilised agricultural area,Total organic UAA,
Slovenia,SI,2021,51826,HA,Organic utilised agricultural area,Total organic UAA,
Slovenia,SI,2022,53202,HA,Organic utilised agricultural area,Total organic UAA,
Slovenia,SI,2023,54603,HA,Organic utilised agricultural area,Total organic UAA,
Slovenia,SI,2024,56810,HA,Organic utilised agricultural area,Total organic UAA,
Slovakia,SK,2012,164360,HA,Organic utilised agricultural area,Total organic UAA,
Slovakia,SK,2013,157848,HA,Organic utilised agricultural area,Total organic UAA,
Slovakia,SK,2014,180307,HA,Organic utilised agricultural area,Total organic UAA,
Slovakia,SK,2015,181882,HA,Organic utilised agricultural area,Total organic UAA,
Slovakia,SK,2016,187024,HA,Organic utilised agricultural area,Total organic UAA,
Slovakia,SK,2017,189148,HA,Organic utilised agricultural area,Total organic UAA,
Slovakia,SK,2018,188986,HA,Organic utilised agricultural area,Total organic UAA,
Slovakia,SK,2019,197565,HA,Organic utilised agricultural area,Total organic UAA,
Slovakia,SK,2020,222896,HA,Organic utilised agricultural area,Total organic UAA,
Slovakia,SK,2021,249723,HA,Organic utilised agricultural area,Total organic UAA,
Slovakia,SK,2022,253156,HA,Organic utilised agricultural area,Total organic UAA,
Slovakia,SK,2023,261060,HA,Organic utilised agricultural area,Total organic UAA,
Slovakia,SK,2024,269080,HA,Organic utilised agricultural area,Total organic UAA,
Finland,FI,2012,197751,HA,Organic utilised agricultural area,Total organic UAA,
Finland,FI,2013,204810,HA,Organic utilised agricultural area,Total organic UAA,
Finland,FI,2014,210649,HA,Organic utilised agricultural area,Total organic UAA,
Finland,FI,2015,225235,HA,Organic utilised agricultural area,Total organic UAA,
Finland,FI,2016,238240,HA,Organic utilised agricultural area,Total organic UAA,
Finland,FI,2017,259271,HA,Organic utilised agricultural area,Total organic UAA,
Finland,FI,2018,297442,HA,Organic utilised agricultural area,Total organic UAA,
Finland,FI,2019,306484,HA,Organic utilised agricultural area,Total organic UAA,
Finland,FI,2020,316248,HA,Organic utilised agricultural area,Total organic UAA,
Finland,FI,2021,327736,HA,Organic utilised agricultural area,Total organic UAA,
Finland,FI,2022,339459,HA,Organic utilised agricultural area,Total organic UAA,
Finland,FI,2023,306348,HA,Organic utilised agricultural area,Total organic UAA,
Finland,FI,2024,304551,HA,Organic utilised agricultural area,Total organic UAA,
Sweden,SE,2012,477684,HA,Organic utilised agricultural area,Total organic UAA,
Sweden,SE,2013,500996,HA,Organic utilised agricultural area,Total organic UAA,
Sweden,SE,2014,501831,HA,Organic utilised agricultural area,Total organic UAA,
Sweden,SE,2015,518983,HA,Organic utilised agricultural area,Total organic UAA,
Sweden,SE,2016,552695,HA,Organic utilised agricultural area,Total organic UAA,
Sweden,SE,2017,576845,HA,Organic utilised agricultural area,Total organic UAA,
Sweden,SE,2018,608754,HA,Organic utilised agricultural area,Total organic UAA,
Sweden,SE,2019,613964,HA,Organic utilised agricultural area,Total organic UAA,
Sweden,SE,2020,610543,HA,Organic utilised agricultural area,Total organic UAA,
Sweden,SE,2021,606669,HA,Organic utilised agricultural area,Total organic UAA,
Sweden,SE,2022,597204,HA,Organic utilised agricultural area,Total organic UAA,
Sweden,SE,2023,549941,HA,Organic utilised agricultural area,Total organic UAA,
Sweden,SE,2024,495568,HA,Organic utilised agricultural area,Total organic UAA,
Iceland,IS,2013,7727,HA,Organic utilised agricultural area,Total organic UAA,
Iceland,IS,2015,22464,HA,Organic utilised agricultural area,Total organic UAA,
Iceland,IS,2016,22594,HA,Organic utilised agricultural area,Total organic UAA,
Iceland,IS,2017,6838,HA,Organic utilised agricultural area,Total organic UAA,
Iceland,IS,2019,5740,HA,Organic utilised agricultural area,Total organic UAA,
Iceland,IS,2020,4982,HA,Organic utilised agricultural area,Total organic UAA,
Norway,NO,2012,55260,HA,Organic utilised agricultural area,Total organic UAA,
Norway,NO,2013,51662,HA,Organic utilised agricultural area,Total organic UAA,
Norway,NO,2014,49827,HA,Organic utilised agricultural area,Total organic UAA,
Norway,NO,2015,47640,HA,Organic utilised agricultural area,Total organic UAA,
Norway,NO,2016,47621,HA,Organic utilised agricultural area,Total organic UAA,
Norway,NO,2017,47042,HA,Organic utilised agricultural area,Total organic UAA,
Norway,NO,2018,46377,HA,Organic utilised agricultural area,Total organic UAA,
Norway,NO,2019,45312,HA,Organic utilised agricultural area,Total organic UAA,
Norway,NO,2020,45181,HA,Organic utilised agricultural area,Total organic UAA,
Norway,NO,2021,44932,HA,Organic utilised agricultural area,Total organic UAA,
Norway,NO,2022,46006,HA,Organic utilised agricultural area,Total organic UAA,
Norway,NO,2023,45870,HA,Organic utilised agricultural area,Total organic UAA,
Norway,NO,2024,45175,HA,Organic utilised agricultural area,Total organic UAA,
Switzerland,CH,2012,121213,HA,Organic utilised agricultural area,Total organic UAA,
Switzerland,CH,2013,127522,HA,Organic utilised agricultural area,Total organic UAA,
Switzerland,CH,2014,133296,HA,Organic utilised agricultural area,Total organic UAA,
Switzerland,CH,2015,134972,HA,Organic utilised agricultural area,Total organic UAA,
Switzerland,CH,2016,139897,HA,Organic utilised agricultural area,Total organic UAA,
Switzerland,CH,2017,149618,HA,Organic utilised agricultural area,Total organic UAA,
Switzerland,CH,2018,160139,HA,Organic utilised agricultural area,Total organic UAA,
Switzerland,CH,2019,169030,HA,Organic utilised agricultural area,Total organic UAA,
Switzerland,CH,2020,176337,HA,Organic utilised agricultural area,Total organic UAA,
Switzerland,CH,2021,180381,HA,Organic utilised agricultural area,Total organic UAA,
Switzerland,CH,2022,185224,HA,Organic utilised agricultural area,Total organic UAA,
Switzerland,CH,2023,188846,HA,Organic utilised agricultural area,Total organic UAA,
Switzerland,CH,2024,189725,HA,Organic utilised agricultural area,Total organic UAA,
United Kingdom,UK,2012,590011,HA,Organic utilised agricultural area,Total organic UAA,
United Kingdom,UK,2013,558718,HA,Organic utilised agricultural area,Total organic UAA,
United Kingdom,UK,2014,521475,HA,Organic utilised agricultural area,Total organic UAA,
United Kingdom,UK,2015,495929,HA,Organic utilised agricultural area,Total organic UAA,
United Kingdom,UK,2016,490205,HA,Organic utilised agricultural area,Total organic UAA,
United Kingdom,UK,2017,497742,HA,Organic utilised agricultural area,Total organic UAA,
United Kingdom,UK,2018,457378,HA,Organic utilised agricultural area,Total organic UAA,
United Kingdom,UK,2019,459275,HA,Organic utilised agricultural area,Total organic UAA,
Montenegro,ME,2016,3470,HA,Organic utilised agricultural area,Total organic UAA,
Montenegro,ME,2017,2718,HA,Organic utilised agricultural area,Total organic UAA,
Montenegro,ME,2018,4455,HA,Organic utilised agricultural area,Total organic UAA,
Montenegro,ME,2019,4751,HA,Organic utilised agricultural area,Total organic UAA,
Montenegro,ME,2020,4823,HA,Organic utilised agricultural area,Total organic UAA,
Montenegro,ME,2021,4404,HA,Organic utilised agricultural area,Total organic UAA,
Montenegro,ME,2022,3966,HA,Organic utilised agricultural area,Total organic UAA,
Montenegro,ME,2023,4272,HA,Organic utilised agricultural area,Total organic UAA,
Montenegro,ME,2024,4541,HA,Organic utilised agricultural area,Total organic UAA,
North Macedonia,MK,2013,10370,HA,Organic utilised agricultural area,Total organic UAA,
North Macedonia,MK,2014,10019,HA,Organic utilised agricultural area,Total organic UAA,
North Macedonia,MK,2015,2174,HA,Organic utilised agricultural area,Total organic UAA,
North Macedonia,MK,2016,3245,HA,Organic utilised agricultural area,Total organic UAA,
North Macedonia,MK,2017,3193,HA,Organic utilised agricultural area,Total organic UAA,
North Macedonia,MK,2018,4408,HA,Organic utilised agricultural area,Total organic UAA,
North Macedonia,MK,2019,3711,HA,Organic utilised agricultural area,Total organic UAA,
North Macedonia,MK,2020,3727,HA,Organic utilised agricultural area,Total organic UAA,
North Macedonia,MK,2021,3907,HA,Organic utilised agricultural area,Total organic UAA,
North Macedonia,MK,2022,4642,HA,Organic utilised agricultural area,Total organic UAA,
North Macedonia,MK,2023,4336,HA,Organic utilised agricultural area,Total organic UAA,
North Macedonia,MK,2024,4114,HA,Organic utilised agricultural area,Total organic UAA,
Albania,AL,2021,1097,HA,Organic utilised agricultural area,Total organic UAA,
Albania,AL,2022,733,HA,Organic utilised agricultural area,Total organic UAA,
Albania,AL,2023,736,HA,Organic utilised agricultural area,Total organic UAA,
Albania,AL,2024,802,HA,Organic utilised agricultural area,Total organic UAA,
Serbia,RS,2013,8229,HA,Organic utilised agricultural area,Total organic UAA,
Serbia,RS,2014,9548,HA,Organic utilised agricultural area,Total organic UAA,
Serbia,RS,2015,15298,HA,Organic utilised agricultural area,Total organic UAA,
Serbia,RS,2016,14358,HA,Organic utilised agricultural area,Total organic UAA,
Serbia,RS,2017,13423,HA,Organic utilised agricultural area,Total organic UAA,
Serbia,RS,2018,19255,HA,Organic utilised agricultural area,Total organic UAA,
Serbia,RS,2019,21266,HA,Organic utilised agricultural area,Total organic UAA,
Serbia,RS,2021,23527,HA,Organic utilised agricultural area,Total organic UAA,
Serbia,RS,2022,25035,HA,Organic utilised agricultural area,Total organic UAA,
Serbia,RS,2023,29002,HA,Organic utilised agricultural area,Total organic UAA,
Serbia,RS,2024,27550,HA,Organic utilised agricultural area,Total organic UAA,
Türkiye,TR,2013,474766,HA,Organic utilised agricultural area,Total organic UAA,
Türkiye,TR,2014,515817,HA,Organic utilised agricultural area,Total organic UAA,
Türkiye,TR,2015,518499,HA,Organic utilised agricultural area,Total organic UAA,
Türkiye,TR,2016,533218,HA,Organic utilised agricultural area,Total organic UAA,
Türkiye,TR,2017,567936,HA,Organic utilised agricultural area,Total organic UAA,
Türkiye,TR,2018,646251,HA,Organic utilised agricultural area,Total organic UAA,
Türkiye,TR,2019,551718,HA,Organic utilised agricultural area,Total organic UAA,
Türkiye,TR,2020,382639,HA,Organic utilised agricultural area,Total organic UAA,
Türkiye,TR,2021,351919,HA,Organic utilised agricultural area,Total organic UAA,
Türkiye,TR,2022,310584,HA,Organic utilised agricultural area,Total organic UAA,
Türkiye,TR,2023,342546,HA,Organic utilised agricultural area,Total organic UAA,
Türkiye,TR,2024,241472,HA,Organic utilised agricultural area,Total organic UAA,
