country,year,potatoes_prod,wheat_prod,export_val,import_val,trade_balance,is_ireland,is_eu
Denmark,2000,1645240.0,4693422.0,95929331.11,66688445.39000001,29240885.71999999,0,1
Denmark,2001,1543028.0,4663938.0,98137630.77,66770384.62,31367246.15,0,1
Denmark,2002,1504200.0,4056240.0,107010695.61,74883832.51,32126863.099999994,0,1
Denmark,2003,1412200.0,4701382.0,124242526.65,87290130.18,36952396.47,0,1
Denmark,2004,1629400.0,4758500.0,143754597.06,103357492.4,40397104.66,0,1
Denmark,2005,1576400.0,4887200.0,153967771.54999998,113248636.25,40719135.29999998,0,1
Denmark,2006,1361200.0,4801600.0,168271552.32999998,127596739.8,40674812.52999999,0,1
Denmark,2007,1625580.0,4519200.0,185615029.92000002,148667768.88,36947261.04000002,0,1
Denmark,2008,1693000.0,5018700.0,210579894.84,168871795.44,41708099.400000006,0,1
Denmark,2009,1617700.0,5940400.0,176139894.24,130236455.92,45903438.32000001,0,1
Denmark,2010,1357800.0,5059900.0,180984639.0,134225212.0,46759427.0,0,1
Denmark,2011,1620000.0,4831000.0,207611744.0,154616960.0,52994784.0,0,1
Denmark,2012,1664200.0,4525100.0,199158451.0,146090952.0,53067499.0,0,1
Denmark,2013,1646300.0,4145200.0,209960073.0,155945824.0,54014249.0,0,1
Denmark,2014,1733400.0,5153300.0,206711163.60999998,159990640.12,46720523.48999998,0,1
Denmark,2015,1772466.0,5029300.0,176513745.56,138351327.83,38162417.72999999,0,1
Denmark,2016,1954016.0,4201500.0,174027080.14,136470953.72,37556126.41999999,0,1
Denmark,2017,2171000.0,4834100.0,189135597.57,147922055.10999998,41213542.46000001,0,1
Denmark,2018,1806800.0,2623930.0,195710580.87,161986735.34,33723845.53,0,1
Denmark,2019,2408700.0,4642090.0,194939407.04000002,153774781.63,41164625.410000026,0,1
Denmark,2020,2762900.0,4070410.0,193016692.52,154635067.24,38381625.28,0,1
Denmark,2021,2374600.0,4047090.0,215253880.33,186133908.35,29119971.98000002,0,1
Denmark,2022,2617600.0,4165400.0,222281332.64000002,194696363.03,27584969.610000014,0,1
Denmark,2023,2757200.0,3556260.0,233706721.98000002,195183507.01,38523214.97000003,0,1
Denmark,2024,2997600.0,3348010.0,231545054.86,191047587.82,40497467.04000002,0,1
France,2000,6440483.1,37355956.9,491246646.38,449162039.34,42084607.04000002,0,1
France,2001,6049645.9,31545319.3,477816879.54,443205042.72999996,34611836.81000006,0,1
France,2002,6874391.0,38936514.8,504487985.47999996,454868014.51,49619970.96999997,0,1
France,2003,6355131.2,30479361.5,601154278.76,551210765.33,49943513.42999995,0,1
France,2004,7255378.0,39690179.5,683009182.48,643470823.98,39538358.5,0,1
France,2005,6604600.0,36886102.6,697819030.17,680987027.06,16832003.110000014,0,1
France,2006,6362823.0,35363563.4,739274770.59,720974612.61,18300157.98000002,0,1
France,2007,7189093.3,32763445.9,846437380.48,842775390.3199999,3661990.160000086,0,1
France,2008,6817621.9,39006372.0,955356392.8800001,981991233.95,-26634841.069999933,0,1
France,2009,7119238.7,38336864.7,771357345.52,800568487.6099999,-29211142.089999914,0,1
France,2010,6622043.0,38207431.0,831851340.88,854866139.46,-23014798.580000043,0,1
France,2011,7440219.0,35992794.3,966697277.0,998725903.0,-32028626.0,0,1
France,2012,6376057.6,37885741.8,918977367.1800001,941059422.0,-22082054.819999933,0,1
France,2013,6957008.0,38651472.0,953054670.0,966634461.0,-13579791.0,0,1
France,2014,8085184.0,38950202.0,939447041.71,964950072.88,-25503031.169999957,0,1
France,2015,7119837.0,42750027.4,815610115.44,819358869.0000001,-3748753.560000062,0,1
France,2016,6954983.0,29316331.0,801410235.4399999,823764732.78,-22354497.340000033,0,1
France,2017,8547354.0,38677896.0,854864792.24,896408460.24,-41543668.0,0,1
France,2018,7860380.0,35424140.0,923112099.25,963613070.2,-40500970.95000005,0,1
France,2019,8560410.0,40604960.0,904223614.87,931271804.87,-27048190.0,0,1
France,2020,8822180.0,30181140.0,817951940.35,864816383.92,-46864443.56999993,0,1
France,2021,8987220.0,36559450.0,967387475.85,1033855137.4699999,-66467661.619999886,0,1
France,2022,8067380.0,34632380.0,1033458876.3100001,1162489217.6000001,-129030341.29000008,0,1
France,2023,8606490.0,35995570.0,1065735183.7500001,1151623689.7,-85888505.94999993,0,1
France,2024,9237460.0,26606940.0,1062273819.2099999,1129471455.76,-67197636.55000007,0,1
Germany,2000,13192951.0,21621548.0,673600055.0,669659351.0,3940704.0,0,1
Germany,2001,11502844.0,22837837.0,692635505.0,655889003.0,36746502.0,0,1
Germany,2002,11113856.0,20817740.0,747765848.0,674057918.0,73707930.0,0,1
Germany,2003,9915679.0,19259811.0,917302618.0,832458531.0,84844087.0,0,1
Germany,2004,13043559.0,25427210.0,1106753759.0,968815687.0,137938072.0,0,1
Germany,2005,11624200.0,23692700.0,1183681079.0,1039814079.0,143867000.0,0,1
Germany,2006,10030600.0,22427900.0,1339178895.0,1190078662.0,149100233.0,0,1
Germany,2007,11643769.0,20828077.0,1611372616.0,1409453997.0,201918619.0,0,1
Germany,2008,11369000.0,25988564.0,1801167392.0,1601312805.0,199854587.0,0,1
Germany,2009,11683100.0,25192350.0,1436907963.0,1294836856.0,142071107.0,0,1
Germany,2010,10143090.0,23782955.0,1592687214.0,1440642478.0,152044736.0,0,1
Germany,2011,11837200.0,22782700.0,1875438346.0,1730948165.0,144490181.0,0,1
Germany,2012,10665600.0,22409300.0,1799715831.0,1615775362.92,183940468.07999992,0,1
Germany,2013,9669700.0,25019100.0,1872758506.0,1656192107.16,216566398.8399999,0,1
Germany,2014,11607300.0,27784700.0,1918370326.17,1680692050.78,237678275.3900001,0,1
Germany,2015,10370200.0,26549500.0,1686687748.15,1468408069.88,218279678.26999998,0,1
Germany,2016,10772100.0,24463800.0,1701160065.23,1481377475.26,219782589.97000003,0,1
Germany,2017,11720000.0,24481600.0,1843756546.51,1624002376.28,219754170.23000002,0,1
Germany,2018,8920800.0,20263500.0,1963132151.4,1763903993.56,199228157.84000015,0,1
Germany,2019,10602200.0,23062600.0,1878572316.1,1689721821.2,188850494.89999986,0,1
Germany,2020,11715100.0,22172100.0,1778180197.26,1651022164.59,127158032.67000008,0,1
Germany,2021,11312100.0,21459200.0,2066733452.21,1945401094.0,121332358.21000004,0,1
Germany,2022,10683400.0,22587300.0,2117858493.49,2129493870.3600001,-11635376.870000124,0,1
Germany,2023,11607300.0,21535900.0,2181317283.39,2048159810.16,133157473.22999978,0,1
Germany,2024,12703300.0,18526700.0,2194495087.74,2052196112.9,142298974.83999968,0,1
Ireland,2000,454800.0,737400.0,114084441.03,66984832.95,47099608.08,1,1
Ireland,2001,477600.0,769200.0,113296198.76,67957393.72,45338805.04000001,1,1
Ireland,2002,518600.0,867200.0,120623663.03999999,70908035.0,49715628.03999999,1,1
Ireland,2003,488200.0,794100.0,132550224.32,75771332.0,56778892.31999999,1,1
Ireland,2004,552200.0,1019200.0,153554441.0,86293257.0,67261184.0,1,1
Ireland,2005,409200.0,802700.0,162425775.0,96106042.0,66319733.0,1,1
Ireland,2006,382900.0,801000.0,171173293.92000002,103843687.0,67329606.92000002,1,1
Ireland,2007,399000.0,713400.0,183153826.84,121574437.0,61579389.84,1,1
Ireland,2008,344900.0,992800.0,187753562.56,124912328.0,62841234.56,1,1
Ireland,2009,336100.0,690100.0,167600417.44,99393341.0,68207076.44,1,1
Ireland,2010,419600.0,669200.0,170934007.0,96609547.0,74324460.0,1,1
Ireland,2011,356100.0,929200.0,189722006.0,107972696.0,81749310.0,1,1
Ireland,2012,232000.0,707900.0,177581620.0,104695796.0,72885824.0,1,1
Ireland,2013,410100.0,545300.0,181920820.0,111371986.08,70548833.92,1,1
Ireland,2014,383000.0,717000.0,193419118.51999998,129167246.31,64251872.20999998,1,1
Ireland,2015,360100.0,696600.0,187362155.79,119534476.08,67827679.71,1,1
Ireland,2016,352000.0,647700.0,196854617.56,123938567.34,72916050.22,1,1
Ireland,2017,412425.0,681679.0,212984235.74,135208156.45,77776079.29000002,1,1
Ireland,2018,273010.0,485480.0,243433376.17,159694753.44,83738622.72999999,1,1
Ireland,2019,382370.0,595360.0,247906120.84,149266222.08,98639898.75999999,1,1
Ireland,2020,300150.0,364920.0,258410689.58,151429709.95999998,106980979.62000003,1,1
Ireland,2021,407500.0,628080.0,276480503.25,169561191.95,106919311.30000001,1,1
Ireland,2022,367950.0,701240.0,309851978.99,203650165.91000003,106201813.07999998,1,1
Ireland,2023,322200.0,483110.0,304683826.53,210596298.31,94087528.21999997,1,1
Ireland,2024,368340.0,388510.0,340951606.67,209435185.42000002,131516421.25,1,1
