country,year,export_val,import_val,trade_balance
Denmark,1961,5832967.0,3278792.0,2554175.0
Denmark,1962,6191111.0,3809138.0,2381973.0
Denmark,1963,6926724.0,3769121.0,3157603.0
Denmark,1964,7448002.0,4545876.0,2902126.0
Denmark,1965,7869682.0,4814838.0,3054844.0
Denmark,1966,8189610.0,5043982.0,3145628.0
Denmark,1967,8066399.0,5159774.0,2906625.0
Denmark,1968,7784415.0,5052157.0,2732258.0
Denmark,1969,8398590.0,5698405.0,2700185.0
Denmark,1970,9051492.0,6713248.0,2338244.0
Denmark,1971,9918112.0,7094912.0,2823200.0
Denmark,1972,11569545.0,7802995.0,3766550.0
Denmark,1973,16470190.0,11813648.0,4656542.0
Denmark,1974,19728831.0,14569752.0,5159079.0
Denmark,1975,23236121.0,15116811.0,8119310.0
Denmark,1976,23287606.0,18412955.0,4874651.0
Denmark,1977,25487134.0,20675370.0,4811764.0
Denmark,1978,31231606.0,22916359.0,8315247.0
Denmark,1979,37255462.0,27900817.0,9354645.0
Denmark,1980,42018464.0,29285553.0,12732911.0
Denmark,1981,40103228.0,27100160.0,13003068.0
Denmark,1982,38630070.36,25311166.77,13318903.59
Denmark,1983,38238048.0,24841486.0,13396562.0
Denmark,1984,37814733.0,25253450.0,12561283.0
Denmark,1985,39638109.0,26882618.0,12755491.0
Denmark,1986,49315223.0,33948848.0,15366375.0
Denmark,1987,56869612.0,37947959.0,18921653.0
Denmark,1988,59858821.0,39363851.0,20494970.0
Denmark,1989,61922865.0,39940972.0,21981893.0
Denmark,1990,76118000.0,46440816.0,29677184.0
Denmark,1991,77664312.0,48171030.0,29493282.0
Denmark,1992,84920372.0,51872990.0,33047382.0
Denmark,1993,77094712.0,46150128.0,30944584.0
Denmark,1994,87324605.0,53186420.0,34138185.0
Denmark,1995,97349561.0,63462796.0,33886765.0
Denmark,1996,101451583.0,66016259.0,35435324.0
Denmark,1997,99253227.0,67561411.0,31691816.0
Denmark,1998,96040090.0,69226096.0,26813994.0
Denmark,1999,94279332.0,67472597.0,26806735.0
Denmark,2000,95929331.11,66688445.39000001,29240885.71999999
Denmark,2001,98137630.77,66770384.62,31367246.15
Denmark,2002,107010695.61,74883832.51,32126863.099999994
Denmark,2003,124242526.65,87290130.18,36952396.47
Denmark,2004,143754597.06,103357492.4,40397104.66
Denmark,2005,153967771.54999998,113248636.25,40719135.29999998
Denmark,2006,168271552.32999998,127596739.8,40674812.52999999
Denmark,2007,185615029.92000002,148667768.88,36947261.04000002
Denmark,2008,210579894.84,168871795.44,41708099.400000006
Denmark,2009,176139894.24,130236455.92,45903438.32000001
Denmark,2010,180984639.0,134225212.0,46759427.0
Denmark,2011,207611744.0,154616960.0,52994784.0
Denmark,2012,199158451.0,146090952.0,53067499.0
Denmark,2013,209960073.0,155945824.0,54014249.0
Denmark,2014,206711163.60999998,159990640.12,46720523.48999998
Denmark,2015,176513745.56,138351327.83,38162417.72999999
Denmark,2016,174027080.14,136470953.72,37556126.41999999
Denmark,2017,189135597.57,147922055.10999998,41213542.46000001
Denmark,2018,195710580.87,161986735.34,33723845.53
Denmark,2019,194939407.04000002,153774781.63,41164625.410000026
Denmark,2020,193016692.52,154635067.24,38381625.28
Denmark,2021,215253880.33,186133908.35,29119971.98000002
Denmark,2022,222281332.64000002,194696363.03,27584969.610000014
Denmark,2023,233706721.98000002,195183507.01,38523214.97000003
Denmark,2024,231545054.86,191047587.82,40497467.04000002
France,1961,13454093.0,16914451.0,-3460358.0
France,1962,13382573.0,18667052.0,-5284479.0
France,1963,15280894.0,20502406.0,-5221512.0
France,1964,17168259.0,23046562.0,-5878303.0
France,1965,19097743.0,22872081.0,-3774338.0
France,1966,20730422.0,25468495.0,-4738073.0
France,1967,21427882.0,25047505.0,-3619623.0
France,1968,24618335.0,26498813.0,-1880478.0
France,1969,29372187.0,32602255.0,-3230068.0
France,1970,32960135.0,34907302.0,-1947167.0
France,1971,39560369.0,34578489.0,4981880.0
France,1972,51244145.0,47680754.0,3563391.0
France,1973,71809898.0,67102110.0,4707788.0
France,1974,87335061.0,85219811.0,2115250.0
France,1975,94861155.0,91048940.0,3812215.0
France,1976,100899643.0,106501236.0,-5601593.0
France,1977,112635555.0,123309447.0,-10673892.0
France,1978,139414799.0,143045449.0,-3630650.0
France,1979,174672592.0,175502589.0,-829997.0
France,1980,204229830.0,208362612.0,-4132782.0
France,1981,192055708.0,186177722.0,5877986.0
France,1982,172862768.0,178976936.0,-6114168.0
France,1983,172817438.0,167252604.0,5564834.0
France,1984,174344455.0,164858988.0,9485467.0
France,1985,181306060.0,169627659.0,11678401.0
France,1986,220224031.0,204275857.0,15948174.0
France,1987,262962621.0,244997172.0,17965449.0
France,1988,307558807.0,281696066.0,25862741.0
France,1989,328042782.0,300049468.0,27993314.0
France,1990,390636929.0,356443520.0,34193409.0
France,1991,394212407.0,364525347.0,29687060.0
France,1992,433064855.0,383423907.0,49640948.0
France,1993,390612730.0,326960233.0,63652497.0
France,1994,426724890.0,370392086.0,56332804.0
France,1995,506958807.0,433076546.0,73882261.0
France,1996,509148319.0,430166884.0,78981435.0
France,1997,496348307.0,413228763.0,83119544.0
France,1998,513164902.0,439580997.0,73583905.0
France,1999,509713419.0,439197992.0,70515427.0
France,2000,491246646.38,449162039.34,42084607.04000002
France,2001,477816879.54,443205042.72999996,34611836.81000006
France,2002,504487985.47999996,454868014.51,49619970.96999997
France,2003,601154278.76,551210765.33,49943513.42999995
France,2004,683009182.48,643470823.98,39538358.5
France,2005,697819030.17,680987027.06,16832003.110000014
France,2006,739274770.59,720974612.61,18300157.98000002
France,2007,846437380.48,842775390.3199999,3661990.160000086
France,2008,955356392.8800001,981991233.95,-26634841.069999933
France,2009,771357345.52,800568487.6099999,-29211142.089999914
France,2010,831851340.88,854866139.46,-23014798.580000043
France,2011,966697277.0,998725903.0,-32028626.0
France,2012,918977367.1800001,941059422.0,-22082054.819999933
France,2013,953054670.0,966634461.0,-13579791.0
France,2014,939447041.71,964950072.88,-25503031.169999957
France,2015,815610115.44,819358869.0000001,-3748753.560000062
France,2016,801410235.4399999,823764732.78,-22354497.340000033
France,2017,854864792.24,896408460.24,-41543668.0
France,2018,923112099.25,963613070.2,-40500970.95000005
France,2019,904223614.87,931271804.87,-27048190.0
France,2020,817951940.35,864816383.92,-46864443.56999993
France,2021,967387475.85,1033855137.4699999,-66467661.619999886
France,2022,1033458876.3100001,1162489217.6000001,-129030341.29000008
France,2023,1065735183.7500001,1151623689.7,-85888505.94999993
France,2024,1062273819.2099999,1129471455.76,-67197636.55000007
Germany,1961,16831402.0,33528048.0,-16696646.0
Germany,1962,17591699.0,37990944.0,-20399245.0
Germany,1963,19489192.0,36903434.0,-17414242.0
Germany,1964,21728851.0,40564431.0,-18835580.0
Germany,1965,23861670.0,46541713.0,-22680043.0
Germany,1966,26564007.0,48269223.0,-21705216.0
Germany,1967,29151185.0,46309201.0,-17158016.0
Germany,1968,33264111.0,49999705.0,-16735594.0
Germany,1969,38471270.0,58804444.0,-20333174.0
Germany,1970,45459681.0,69408468.0,-23948787.0
Germany,1971,52373073.0,77838112.0,-25465039.0
Germany,1972,62662354.0,92006701.0,-29344347.0
Germany,1973,91668135.0,123828802.0,-32160667.0
Germany,1974,119425796.0,146127807.0,-26702011.0
Germany,1975,124397861.0,159226936.0,-34829075.0
Germany,1976,139215980.0,185687593.0,-46471613.0
Germany,1977,163011484.0,212384152.0,-49372668.0
Germany,1978,194177691.0,244294459.0,-50116768.0
Germany,1979,235345657.0,298726139.0,-63380482.0
Germany,1980,266931439.0,341328346.0,-74396907.0
Germany,1981,253006918.0,303565995.0,-50559077.0
Germany,1982,251962573.0,289334567.0,-37371994.0
Germany,1983,244495663.0,288033776.0,-43538113.0
Germany,1984,248474631.0,288352241.0,-39877610.0
Germany,1985,262574034.0,295558142.0,-32984108.0
Germany,1986,340045611.0,356569274.0,-16523663.0
Germany,1987,404129769.0,412330579.0,-8200810.0
Germany,1988,445170009.0,439184468.0,5985541.0
Germany,1989,455044325.0,455921609.0,-877284.0
Germany,1990,529940418.0,548833885.0,-18893467.0
Germany,1991,514622142.0,595594307.0,-80972165.0
Germany,1992,552423334.0,633862584.0,-81439250.0
Germany,1993,488319148.0,521505861.0,-33186713.0
Germany,1994,545113837.0,585576777.0,-40462940.0
Germany,1995,647927276.0,677768414.0,-29841138.0
Germany,1996,657208944.0,682074925.0,-24865981.0
Germany,1997,636721718.0,651620671.0,-14898953.0
Germany,1998,670405261.0,675871554.0,-5466293.0
Germany,1999,662189079.0,659360859.0,2828220.0
Germany,2000,673600055.0,669659351.0,3940704.0
Germany,2001,692635505.0,655889003.0,36746502.0
Germany,2002,747765848.0,674057918.0,73707930.0
Germany,2003,917302618.0,832458531.0,84844087.0
Germany,2004,1106753759.0,968815687.0,137938072.0
Germany,2005,1183681079.0,1039814079.0,143867000.0
Germany,2006,1339178895.0,1190078662.0,149100233.0
Germany,2007,1611372616.0,1409453997.0,201918619.0
Germany,2008,1801167392.0,1601312805.0,199854587.0
Germany,2009,1436907963.0,1294836856.0,142071107.0
Germany,2010,1592687214.0,1440642478.0,152044736.0
Germany,2011,1875438346.0,1730948165.0,144490181.0
Germany,2012,1799715831.0,1615775362.92,183940468.07999992
Germany,2013,1872758506.0,1656192107.16,216566398.8399999
Germany,2014,1918370326.17,1680692050.78,237678275.3900001
Germany,2015,1686687748.15,1468408069.88,218279678.26999998
Germany,2016,1701160065.23,1481377475.26,219782589.97000003
Germany,2017,1843756546.51,1624002376.28,219754170.23000002
Germany,2018,1963132151.4,1763903993.56,199228157.84000015
Germany,2019,1878572316.1,1689721821.2,188850494.89999986
Germany,2020,1778180197.26,1651022164.59,127158032.67000008
Germany,2021,2066733452.21,1945401094.0,121332358.21000004
Germany,2022,2117858493.49,2129493870.3600001,-11635376.870000124
Germany,2023,2181317283.39,2048159810.16,133157473.22999978
Germany,2024,2194495087.74,2052196112.9,142298974.83999968
Ireland,1961,2260916.0,1519207.0,741709.0
Ireland,1962,2140050.0,1551688.0,588362.0
Ireland,1963,2421554.0,1740665.0,680889.0
Ireland,1964,2648283.0,1880495.0,767788.0
Ireland,1965,2579755.0,2024116.0,555639.0
Ireland,1966,2766822.0,2036237.0,730585.0
Ireland,1967,3223486.0,2065481.0,1158005.0
Ireland,1968,3089901.0,2200593.0,889308.0
Ireland,1969,3278475.0,2465471.0,813004.0
Ireland,1970,3687078.0,2693699.0,993379.0
Ireland,1971,4634659.0,3039722.0,1594937.0
Ireland,1972,5530384.0,3554805.0,1975579.0
Ireland,1973,7339582.0,4682474.0,2657108.0
Ireland,1974,8589384.0,6286454.0,2302930.0
Ireland,1975,11753672.0,6390825.0,5362847.0
Ireland,1976,11304659.0,6998404.0,4306255.0
Ireland,1977,14232858.0,9097319.0,5135539.0
Ireland,1978,18658154.0,11468963.0,7189191.0
Ireland,1979,22370802.0,15784819.0,6585983.0
Ireland,1980,25904763.0,17896517.0,8008246.0
Ireland,1981,22348185.0,17626653.0,4721532.0
Ireland,1982,21486903.0,15762122.0,5724781.0
Ireland,1983,21875916.0,15114827.0,6761089.0
Ireland,1984,23571330.0,15535240.0,8036090.0
Ireland,1985,24820925.0,16144459.0,8676466.0
Ireland,1986,30662288.0,18983604.0,11678684.0
Ireland,1987,40118205.0,21918499.0,18199706.0
Ireland,1988,45184130.0,24639636.0,20544494.0
Ireland,1989,48268178.0,26556139.0,21712039.0
Ireland,1990,52048638.0,31269014.0,20779624.0
Ireland,1991,53467431.0,32253021.0,21214410.0
Ireland,1992,66237817.0,34311806.0,31926011.0
Ireland,1993,62891376.0,31540169.0,31351207.0
Ireland,1994,72018195.0,37911297.0,34106898.0
Ireland,1995,90202145.0,45770313.0,44431832.0
Ireland,1996,87245266.0,48694080.0,38551186.0
Ireland,1997,86707417.0,52346327.0,34361090.0
Ireland,1998,97436829.0,58402365.0,39034464.0
Ireland,1999,106460008.0,63299291.0,43160717.0
Ireland,2000,114084441.03,66984832.95,47099608.08
Ireland,2001,113296198.76,67957393.72,45338805.04000001
Ireland,2002,120623663.03999999,70908035.0,49715628.03999999
Ireland,2003,132550224.32,75771332.0,56778892.31999999
Ireland,2004,153554441.0,86293257.0,67261184.0
Ireland,2005,162425775.0,96106042.0,66319733.0
Ireland,2006,171173293.92000002,103843687.0,67329606.92000002
Ireland,2007,183153826.84,121574437.0,61579389.84
Ireland,2008,187753562.56,124912328.0,62841234.56
Ireland,2009,167600417.44,99393341.0,68207076.44
Ireland,2010,170934007.0,96609547.0,74324460.0
Ireland,2011,189722006.0,107972696.0,81749310.0
Ireland,2012,177581620.0,104695796.0,72885824.0
Ireland,2013,181920820.0,111371986.08,70548833.92
Ireland,2014,193419118.51999998,129167246.31,64251872.20999998
Ireland,2015,187362155.79,119534476.08,67827679.71
Ireland,2016,196854617.56,123938567.34,72916050.22
Ireland,2017,212984235.74,135208156.45,77776079.29000002
Ireland,2018,243433376.17,159694753.44,83738622.72999999
Ireland,2019,247906120.84,149266222.08,98639898.75999999
Ireland,2020,258410689.58,151429709.95999998,106980979.62000003
Ireland,2021,276480503.25,169561191.95,106919311.30000001
Ireland,2022,309851978.99,203650165.91000003,106201813.07999998
Ireland,2023,304683826.53,210596298.31,94087528.21999997
Ireland,2024,340951606.67,209435185.42000002,131516421.25
